cost,country,countryCode,design,saleDate,user
45,United States,us,X-men Cyclops Visor #COSPLAYXCULTS,2024-09-25T16:53:03+02:00,skywalker-2
90,Germany,de,Super Mario World Piranha Plant - Headphone Holder #GAMINGXCULTS,2024-09-24T10:41:57+02:00,Kev_2412
90,United States,us,Super Mario World Piranha Plant - Headphone Holder #GAMINGXCULTS,2024-09-19T22:50:58+02:00,ppridgen
45,United States,us,X-men Cyclops Visor #COSPLAYXCULTS,2024-09-18T08:05:27+02:00,bdesigns
45,United States,us,X-men Cyclops Visor #COSPLAYXCULTS,2024-09-15T14:26:05+02:00,onixknight
53,United States,us,Gerald - Hey Arnold,2024-09-12T17:28:36+02:00,lyndseyhedger
45,United States,us,X-men Cyclops Visor #COSPLAYXCULTS,2024-08-26T05:40:12+02:00,cornchips1234
45,United States,us,X-men Cyclops Visor #COSPLAYXCULTS,2024-08-23T06:00:48+02:00,rossadammichael
45,United States,us,X-men Cyclops Visor #COSPLAYXCULTS,2024-08-21T22:20:36+02:00,MalenJoy
56,United States,us,Powerline [A Goofy Movie],2024-08-21T20:44:28+02:00,mccoyericc
45,Italy,it,X-men Cyclops Visor #COSPLAYXCULTS,2024-08-19T09:53:33+02:00,eduamosca
56,United States,us,Powerline [A Goofy Movie],2024-08-18T04:57:21+02:00,valhallelujah
45,United States,us,X-men Cyclops Visor #COSPLAYXCULTS,2024-08-17T23:25:46+02:00,friemanzj
45,United States,us,X-men Cyclops Visor #COSPLAYXCULTS,2024-08-17T15:47:22+02:00,tacos2
56,United States,us,Powerline [A Goofy Movie],2024-08-16T14:23:18+02:00,christina_
56,United States,us,Powerline [A Goofy Movie],2024-08-12T15:27:36+02:00,bishwa_baker97
54,United States,us,Jack Skellington - Jack-O-Led,2024-08-10T18:35:42+02:00,mserrecchia
45,United States,us,Love Death + Robots : Orange Robot #TWOTREESROBOT,2024-08-07T02:43:12+02:00,shmimbs
45,Hong Kong,hk,X-men Cyclops Visor #COSPLAYXCULTS,2024-08-05T04:17:45+02:00,alan1916
56,United States,us,Powerline [A Goofy Movie],2024-08-04T05:30:02+02:00,ll_itachi_lll
57,United States,us,Powerline [A Goofy Movie],2024-07-31T18:10:14+02:00,bluemantamediallc
57,Canada,ca,Powerline [A Goofy Movie],2024-07-31T17:14:42+02:00,AccioMoscowMule
45,United Kingdom,gb,X-men Cyclops Visor #COSPLAYXCULTS,2024-07-28T17:03:13+02:00,Whatever558
45,Brazil,br,X-men Cyclops Visor #COSPLAYXCULTS,2024-07-23T19:47:49+02:00,Rico3DMaker
45,United States,us,X-men Cyclops Visor #COSPLAYXCULTS,2024-07-22T20:29:48+02:00,Dwarfw
57,Denmark,dk,Powerline [A Goofy Movie],2024-07-22T13:07:34+02:00,christian-wolff
45,United States,us,X-men Cyclops Visor #COSPLAYXCULTS,2024-07-18T16:36:43+02:00,ramon2016mendozaa
45,United States,us,X-men Cyclops Visor #COSPLAYXCULTS,2024-07-18T00:10:57+02:00,Addr32
45,Canada,ca,X-men Cyclops Visor #COSPLAYXCULTS,2024-07-14T04:20:21+02:00,kylanmon
45,United States,us,X-men Cyclops Visor #COSPLAYXCULTS,2024-07-07T19:42:44+02:00,mike_ultra
45,France,fr,Love Death + Robots : Orange Robot #TWOTREESROBOT,2024-06-29T18:39:07+02:00,Maxime5
45,Bulgaria,bg,SD Card Holder - DLSR Camera Lens,2024-06-27T11:03:45+02:00,plamenradnev
45,Mexico,mx,X-men Cyclops Visor #COSPLAYXCULTS,2024-06-26T20:11:20+02:00,36597069a
45,United States,us,X-men Cyclops Visor #COSPLAYXCULTS,2024-06-17T22:11:39+02:00,blackmanta44
45,United States,us,X-men Cyclops Visor #COSPLAYXCULTS,2024-06-17T16:21:08+02:00,Furstknight
57,United States,us,Powerline [A Goofy Movie],2024-06-13T04:48:01+02:00,okiegunrunner
45,United States,us,X-men Cyclops Visor #COSPLAYXCULTS,2024-06-10T04:50:44+02:00,Agemaner
45,United States,us,X-men Cyclops Visor #COSPLAYXCULTS,2024-06-06T12:59:44+02:00,shadowdio
45,Canada,ca,Love Death + Robots : Orange Robot #TWOTREESROBOT,2024-06-05T08:50:58+02:00,achouraliyahia
45,United States,us,X-men Cyclops Visor #COSPLAYXCULTS,2024-06-05T01:15:56+02:00,willdeaver
57,United States,us,Powerline [A Goofy Movie],2024-06-03T01:32:31+02:00,Aries121212321
45,United States,us,X-men Cyclops Visor #COSPLAYXCULTS,2024-06-01T10:53:22+02:00,bolognapro
57,United States,us,Powerline [A Goofy Movie],2024-05-28T18:58:28+02:00,jillibean15
45,United States,us,X-men Cyclops Visor #COSPLAYXCULTS,2024-05-27T17:45:24+02:00,Asphalt
45,United States,us,X-men Cyclops Visor #COSPLAYXCULTS,2024-05-26T13:24:31+02:00,randomfilms
45,Latvia,lv,Love Death + Robots : Orange Robot #TWOTREESROBOT,2024-05-24T10:30:40+02:00,janisdubovics
45,Brazil,br,X-men Cyclops Visor #COSPLAYXCULTS,2024-05-19T21:26:14+02:00,onisaizo
45,United States,us,X-men Cyclops Visor #COSPLAYXCULTS,2024-05-17T00:02:17+02:00,xmcardenas
45,Netherlands,nl,X-men Cyclops Visor #COSPLAYXCULTS,2024-05-14T21:29:58+02:00,weetjegames
45,Italy,it,X-men Cyclops Visor #COSPLAYXCULTS,2024-05-06T16:00:50+02:00,veronicalotito
45,United States,us,X-men Cyclops Visor #COSPLAYXCULTS,2024-05-06T03:07:00+02:00,drdelva
58,United States,us,Powerline [A Goofy Movie],2024-05-03T06:02:11+02:00,steven22wlh
45,Philippines,ph,X-men Cyclops Visor #COSPLAYXCULTS,2024-05-01T14:51:26+02:00,AndromedaHound
45,United States,us,X-men Cyclops Visor #COSPLAYXCULTS,2024-04-29T02:49:36+02:00,Slagthor
45,United States,us,Love Death + Robots : Orange Robot #TWOTREESROBOT,2024-04-27T21:03:37+02:00,santihernandezgar
45,United States,us,X-men Cyclops Visor #COSPLAYXCULTS,2024-04-24T02:10:54+02:00,CloudDart
45,United States,us,X-men Cyclops Visor #COSPLAYXCULTS,2024-04-22T02:39:17+02:00,justinstronk
55,United States,us,Penny Proud - Disney's Proud Family,2024-04-20T01:48:51+02:00,shonstokes
45,United States,us,X-men Cyclops Visor #COSPLAYXCULTS,2024-04-19T21:30:58+02:00,rogerworley
45,Ecuador,ec,X-men Cyclops Visor #COSPLAYXCULTS,2024-04-17T04:34:08+02:00,joelandres
45,United States,us,X-men Cyclops Visor #COSPLAYXCULTS,2024-04-10T15:19:47+02:00,chaosscontrol
45,Chile,cl,X-men Cyclops Visor #COSPLAYXCULTS,2024-04-10T08:31:57+02:00,carloskenedy05
45,United Kingdom,gb,X-men Cyclops Visor #COSPLAYXCULTS,2024-04-02T00:55:00+02:00,Dingmeister
45,Spain,es,X-men Cyclops Visor #COSPLAYXCULTS,2024-03-31T20:53:42+02:00,erogg7z
45,United States,us,Love Death + Robots : Orange Robot #TWOTREESROBOT,2024-03-31T20:52:15+02:00,bestrongman
45,United States,us,X-men Cyclops Visor #COSPLAYXCULTS,2024-03-30T21:01:48+01:00,titusrowell
45,United States,us,X-men Cyclops Visor #COSPLAYXCULTS,2024-03-30T16:11:20+01:00,drewcasey
45,United States,us,X-men Cyclops Visor #COSPLAYXCULTS,2024-03-28T17:28:12+01:00,mrfcc
45,Spain,es,X-men Cyclops Visor #COSPLAYXCULTS,2024-03-27T11:13:54+01:00,crowminiornot
45,United States,us,X-men Cyclops Visor #COSPLAYXCULTS,2024-03-27T00:34:13+01:00,kkiy
45,United States,us,X-men Cyclops Visor #COSPLAYXCULTS,2024-03-22T21:00:21+01:00,nolafan33
45,Mexico,mx,X-men Cyclops Visor #COSPLAYXCULTS,2024-03-19T18:17:54+01:00,Chriz30
45,Australia,au,X-men Cyclops Visor #COSPLAYXCULTS,2024-03-19T09:01:14+01:00,inque
81,United States,us,Capsule Corp - Small Ship (Dragon Ball Z),2024-03-16T05:24:03+01:00,anton54c
45,Portugal,pt,X-men Cyclops Visor #COSPLAYXCULTS,2024-03-11T02:59:22+01:00,tuorgustavo
57,United States,us,Powerline [A Goofy Movie],2024-03-10T05:26:14+01:00,NAK22
56,United States,us,Powerline [A Goofy Movie],2024-03-08T03:50:14+01:00,Lee1
82,Guatemala,gt,Capsule Corp - Small Ship (Dragon Ball Z),2024-03-04T18:31:21+01:00,black-caos
83,France,fr,Capsule Corp - Small Ship (Dragon Ball Z),2024-02-26T10:52:46+01:00,gaethouch
45,United States,us,X-men Cyclops Visor #COSPLAYXCULTS,2024-02-21T00:13:42+01:00,CaseyJones00
45,United States,us,X-men Cyclops Visor #COSPLAYXCULTS,2024-02-20T23:28:00+01:00,oryanrobinson
45,Mexico,mx,X-men Cyclops Visor #COSPLAYXCULTS,2024-02-20T02:10:43+01:00,eddkent
57,United States,us,Powerline [A Goofy Movie],2024-02-14T20:51:22+01:00,jenniba
57,United States,us,Powerline [A Goofy Movie],2024-02-10T21:43:03+01:00,dandrejefferies
45,Ireland,ie,Love Death + Robots : Orange Robot #TWOTREESROBOT,2024-02-08T22:58:30+01:00,Dribble3D
45,Spain,es,Love Death + Robots : Orange Robot #TWOTREESROBOT,2024-02-08T00:50:49+01:00,xevisf
45,United States,us,X-men Cyclops Visor #COSPLAYXCULTS,2024-02-01T01:43:45+01:00,bryarp
57,United States,us,Powerline [A Goofy Movie],2024-01-31T15:16:17+01:00,dolphin_girl456
45,Chile,cl,X-men Cyclops Visor #COSPLAYXCULTS,2024-01-28T20:25:36+01:00,joseg2
57,United States,us,Powerline [A Goofy Movie],2024-01-27T01:45:41+01:00,KocaKoda
45,United States,us,X-men Cyclops Visor #COSPLAYXCULTS,2024-01-23T21:04:49+01:00,CyborgPhantom
56,United States,us,Powerline [A Goofy Movie],2024-01-23T02:49:21+01:00,entrtaner
45,United States,us,X-men Cyclops Visor #COSPLAYXCULTS,2024-01-23T01:57:59+01:00,palazzesic
45,American Samoa,as,X-men Cyclops Visor #COSPLAYXCULTS,2024-01-20T03:16:02+01:00,johnjtarias
45,United States,us,SD Card Holder - DLSR Camera Lens,2024-01-20T02:28:59+01:00,thereallisaadams
45,Saudi Arabia,sa,Love Death + Robots : Orange Robot #TWOTREESROBOT,2024-01-16T18:59:59+01:00,saraasa
56,United States,us,Powerline [A Goofy Movie],2024-01-15T17:23:15+01:00,broof
53,United States,us,Gerald - Hey Arnold,2024-01-11T03:18:51+01:00,baosinoff
45,United States,us,X-men Cyclops Visor #COSPLAYXCULTS,2024-01-08T04:18:45+01:00,oogieboogiemasters
81,Guatemala,gt,Capsule Corp - Small Ship (Dragon Ball Z),2023-12-31T15:43:38+01:00,RAWKING292
53,United States,us,Penny Proud - Disney's Proud Family,2023-12-25T23:43:34+01:00,ajbarbel
56,United States,us,Powerline [A Goofy Movie],2023-12-19T16:46:29+01:00,EatEel
45,United States,us,SD Card Holder - DLSR Camera Lens,2023-12-18T23:22:51+01:00,ilemley
45,Luxembourg,lu,SD Card Holder - DLSR Camera Lens,2023-12-17T19:17:49+01:00,chlucius
56,United States,us,Powerline [A Goofy Movie],2023-12-15T02:20:38+01:00,Redla
45,United States,us,X-men Cyclops Visor #COSPLAYXCULTS,2023-12-14T18:36:52+01:00,drewmartorelli
57,United States,us,Powerline [A Goofy Movie],2023-12-09T04:55:57+01:00,eastfam
45,France,fr,X-men Cyclops Visor #COSPLAYXCULTS,2023-11-23T13:11:43+01:00,magoriangregovioitchc
45,Germany,de,Love Death + Robots : Orange Robot #TWOTREESROBOT,2023-11-22T14:07:22+01:00,egs2020-
56,United States,us,Powerline [A Goofy Movie],2023-11-19T00:43:02+01:00,miguel64d
55,Chile,cl,Gerald - Hey Arnold,2023-11-12T23:38:47+01:00,palopelo
58,United States,us,Powerline [A Goofy Movie],2023-11-11T17:59:59+01:00,jwlewisdragondad
45,United States,us,X-men Cyclops Visor #COSPLAYXCULTS,2023-11-09T19:35:55+01:00,hardmanbrett
45,United States,us,X-men Cyclops Visor #COSPLAYXCULTS,2023-11-05T22:50:51+01:00,Frisos1
55,Argentina,ar,Gerald - Hey Arnold,2023-11-04T19:06:02+01:00,pagarberoglio
83,Spain,es,Gargoyle Figurine,2023-11-04T09:53:13+01:00,davidarroyop90
45,Netherlands,nl,Love Death + Robots : Orange Robot #TWOTREESROBOT,2023-10-29T20:19:34+01:00,aehvermeulen
45,United States,us,X-men Cyclops Visor #COSPLAYXCULTS,2023-10-27T21:14:24+02:00,Hamrayev
45,United States,us,X-men Cyclops Visor #COSPLAYXCULTS,2023-10-23T15:21:29+02:00,joshcurto
45,Lithuania,lt,Love Death + Robots : Orange Robot #TWOTREESROBOT,2023-10-21T17:22:27+02:00,Mistertire
45,Mexico,mx,X-men Cyclops Visor #COSPLAYXCULTS,2023-10-21T05:34:02+02:00,gsus212
45,United States,us,X-men Cyclops Visor #COSPLAYXCULTS,2023-10-20T01:08:56+02:00,Walltall
58,United States,us,Powerline [A Goofy Movie],2023-10-19T11:24:30+02:00,TonysPrintShop
56,United States,us,Toad - Nintendo Character,2023-10-16T23:57:12+02:00,whtdouknow
45,Chile,cl,X-men Cyclops Visor #COSPLAYXCULTS,2023-10-16T04:42:30+02:00,andreeariste
45,United States,us,X-men Cyclops Visor #COSPLAYXCULTS,2023-10-09T02:52:42+02:00,drummerkevin
45,Australia,au,X-men Cyclops Visor #COSPLAYXCULTS,2023-10-08T01:06:27+02:00,dakenakuma
59,United States,us,Powerline [A Goofy Movie],2023-10-04T18:45:16+02:00,icewind2
45,United States,us,X-men Cyclops Visor #COSPLAYXCULTS,2023-09-25T23:22:41+02:00,ryanmaran
58,United Kingdom,gb,Powerline [A Goofy Movie],2023-09-23T23:29:55+02:00,BVBArmyXD
55,United States,us,Jack Skellington - Jack-O-Led,2023-09-21T12:56:45+02:00,ddarrar
55,United States,us,Penny Proud - Disney's Proud Family,2023-09-19T00:47:45+02:00,Munna036
55,United States,us,Gerald - Hey Arnold,2023-09-17T23:03:40+02:00,tux3dopanda
45,United States,us,X-men Cyclops Visor #COSPLAYXCULTS,2023-09-17T20:34:29+02:00,chubbypigeon33
45,France,fr,X-men Cyclops Visor #COSPLAYXCULTS,2023-09-11T18:21:42+02:00,Arkham38
45,Romania,ro,Love Death + Robots : Orange Robot #TWOTREESROBOT,2023-08-31T08:13:17+02:00,catanakarlos
45,Mexico,mx,Love Death + Robots : Orange Robot #TWOTREESROBOT,2023-08-29T20:40:15+02:00,JJones3124
45,Mexico,mx,X-men Cyclops Visor #COSPLAYXCULTS,2023-08-25T21:53:30+02:00,nativocreativo
45,United States,us,X-men Cyclops Visor #COSPLAYXCULTS,2023-08-08T22:35:42+02:00,ink2k
53,United States,us,SD Card Holder - Mini Organizer Cabinet,2023-08-03T00:34:54+02:00,sixpak66
56,United States,us,Powerline [A Goofy Movie],2023-08-01T20:06:54+02:00,Gelo1200
56,United States,us,Powerline [A Goofy Movie],2023-07-30T18:28:45+02:00,DTJ
45,Czechia,cz,X-men Cyclops Visor #COSPLAYXCULTS,2023-07-26T22:03:15+02:00,micron2
56,United States,us,Powerline [A Goofy Movie],2023-07-25T00:56:46+02:00,dicewench
45,United States,us,X-men Cyclops Visor #COSPLAYXCULTS,2023-07-22T22:08:44+02:00,brolyarod
52,Mexico,mx,Pepe Chasing Penelope - Desk Figurine,2023-07-22T17:28:46+02:00,alveaga
45,United States,us,X-men Cyclops Visor #COSPLAYXCULTS,2023-07-10T03:16:50+02:00,tavaman
45,United States,us,X-men Cyclops Visor #COSPLAYXCULTS,2023-07-04T01:41:20+02:00,outtathebluemike
45,United States,us,X-men Cyclops Visor #COSPLAYXCULTS,2023-06-21T05:28:48+02:00,Daggecrcc
45,Brazil,br,X-men Cyclops Visor #COSPLAYXCULTS,2023-06-16T00:09:57+02:00,pitternester
45,United States,us,X-men Cyclops Visor #COSPLAYXCULTS,2023-06-15T21:09:52+02:00,jordangarza148
45,United States,us,X-men Cyclops Visor #COSPLAYXCULTS,2023-06-11T15:51:16+02:00,IronSpartan
83,France,fr,Sonic The Hedgehog,2023-06-07T21:13:52+02:00,gharbi34800
83,Ireland,ie,Capsule Corp - Small Ship (Dragon Ball Z),2023-06-01T01:53:06+02:00,RODRI21
83,United States,us,Capsule Corp - Small Ship (Dragon Ball Z),2023-05-28T01:51:43+02:00,alanbajramovic
57,United States,us,Powerline [A Goofy Movie],2023-05-26T06:38:36+02:00,GBPLLC2023
54,Australia,au,SD Card Holder - Mini Organizer Cabinet,2023-05-25T11:59:28+02:00,jayphe
54,United States,us,Jack Skellington - Jack-O-Led,2023-05-20T09:20:50+02:00,Cults3dprints
57,United States,us,Powerline [A Goofy Movie],2023-05-18T18:30:54+02:00,AckAttack826
82,United States,us,Gargoyle Figurine,2023-05-14T01:46:51+02:00,Cobaltross
52,United States,us,Penny Proud - Disney's Proud Family,2023-04-30T21:35:56+02:00,91dope
56,United States,us,Powerline [A Goofy Movie],2023-04-30T05:05:37+02:00,amandajwilliams
56,United States,us,Powerline [A Goofy Movie],2023-04-15T20:30:49+02:00,tonysteesgr
56,United States,us,Powerline [A Goofy Movie],2023-04-13T02:48:00+02:00,EnosWolfe
57,United States,us,Powerline [A Goofy Movie],2023-03-27T00:23:55+02:00,Warscream
57,United States,us,Powerline [A Goofy Movie],2023-03-22T23:59:51+01:00,guillermocandanoza
54,United States,us,Pepe Chasing Penelope - Desk Figurine,2023-03-18T15:46:28+01:00,JPD1109
57,United States,us,Powerline [A Goofy Movie],2023-03-14T13:06:34+01:00,harperfilms
55,United States,us,Penny Proud - Disney's Proud Family,2023-03-09T18:58:30+01:00,Tom2krome
84,United States,us,Capsule Corp - Small Ship (Dragon Ball Z),2023-03-08T02:06:13+01:00,Univrsl
55,Belgium,be,Asuma Chakra Kunai - (Naruto) Keychain,2023-02-20T22:05:11+01:00,fred123456Y
57,Spain,es,Powerline [A Goofy Movie],2023-02-08T10:52:36+01:00,liliananovos
57,United States,us,Powerline [A Goofy Movie],2023-02-06T02:57:11+01:00,mattswilliams18
56,United States,us,Powerline [A Goofy Movie],2023-01-26T06:20:56+01:00,IonJester
82,United States,us,Capsule Corp - Small Ship (Dragon Ball Z),2023-01-21T16:15:47+01:00,Crimsonrain
55,Chile,cl,Gerald - Hey Arnold,2023-01-13T12:12:10+01:00,Darc3D
59,United States,us,Powerline [A Goofy Movie],2023-01-10T07:53:06+01:00,DearWatson
56,United Kingdom,gb,SD Card Holder - Mini Organizer Cabinet,2023-01-05T15:16:19+01:00,M1ghtySl0th
56,Germany,de,SD Card Holder - Mini Organizer Cabinet,2023-01-04T22:06:33+01:00,maxfischer
58,United States,us,Powerline [A Goofy Movie],2023-01-02T07:04:18+01:00,ItsShortround
55,Canada,ca,Toad - Nintendo Character,2022-12-31T17:37:50+01:00,fromthegrounduphomecare
55,Mexico,mx,Jack Skellington - Jack-O-Led,2022-12-24T00:27:42+01:00,Alextovar
56,United States,us,Pepe Chasing Penelope - Desk Figurine,2022-12-09T09:30:49+01:00,bythesideofwriting
59,United States,us,Powerline [A Goofy Movie],2022-12-06T05:23:55+01:00,LookItsKulak
59,United States,us,Powerline [A Goofy Movie],2022-12-04T17:48:00+01:00,xxrobxx
85,Argentina,ar,Capsule Corp - Small Ship (Dragon Ball Z),2022-12-03T17:45:35+01:00,rotulosport
59,United States,us,Powerline [A Goofy Movie],2022-12-03T06:50:55+01:00,Nexus0927
85,United States,us,Sonic The Hedgehog,2022-11-30T03:22:06+01:00,robbinb
56,Ecuador,ec,Pepe Chasing Penelope - Desk Figurine,2022-11-27T19:45:21+01:00,Maikeru
60,United States,us,Penny Proud - Disney's Proud Family,2022-10-20T17:44:54+02:00,dmlowe
62,United States,us,Powerline [A Goofy Movie],2022-09-28T17:39:48+02:00,3dPrintsThisWeek
88,Spain,es,Capsule Corp - Small Ship (Dragon Ball Z),2022-09-20T21:16:45+02:00,jordi_renault
62,Mexico,mx,Powerline [A Goofy Movie],2022-09-13T23:14:26+02:00,LittleAngel
58,United States,us,Gerald - Hey Arnold,2022-09-04T06:19:14+02:00,KandiiCoated
60,United States,us,Powerline [A Goofy Movie],2022-08-07T04:38:06+02:00,KingstonAndMax
60,United States,us,Powerline [A Goofy Movie],2022-07-19T20:52:50+02:00,jeffs008
88,Portugal,pt,Capsule Corp - Small Ship (Dragon Ball Z),2022-07-13T10:07:12+02:00,Jesusinleather
48,United States,us,Gerald - Hey Arnold,2022-06-30T06:58:13+02:00,DaigleDesign
48,Chile,cl,Gerald - Hey Arnold,2022-06-19T22:59:12+02:00,darkcidx
81,United States,us,Capsule Corp - Small Ship (Dragon Ball Z),2022-06-11T03:40:37+02:00,truesdail
53,United States,us,Powerline [A Goofy Movie],2022-06-09T18:53:06+02:00,Saphirejewelz
48,France,fr,Toad - Nintendo Character,2022-05-21T01:04:12+02:00,RyuKuBearZ
53,United States,us,Powerline [A Goofy Movie],2022-05-14T15:29:46+02:00,EiramTX
53,United States,us,Powerline [A Goofy Movie],2022-05-03T23:58:55+02:00,brindlebeater
53,Germany,de,Powerline [A Goofy Movie],2022-04-23T21:35:45+02:00,DennisGermany2000
53,United Kingdom,gb,Powerline [A Goofy Movie],2022-04-12T12:54:32+02:00,mojocles
53,United States,us,Powerline [A Goofy Movie],2022-04-10T08:15:07+02:00,deadmenink
53,United States,us,Powerline [A Goofy Movie],2022-04-06T03:33:33+02:00,lysanderdarkstar
48,Peru,pe,Gerald - Hey Arnold,2022-03-23T02:44:25+01:00,DarkRoom
53,United States,us,Powerline [A Goofy Movie],2022-03-06T23:02:32+01:00,CJ9475
53,United States,us,Powerline [A Goofy Movie],2022-02-18T02:52:35+01:00,michaelhowell88
53,United States,us,Powerline [A Goofy Movie],2022-02-08T17:56:25+01:00,frankogames
53,United States,us,Powerline [A Goofy Movie],2022-02-02T02:50:13+01:00,brettg
53,Saudi Arabia,sa,Powerline [A Goofy Movie],2022-01-28T15:09:13+01:00,jiji10
53,Netherlands,nl,Powerline [A Goofy Movie],2022-01-21T15:32:34+01:00,Supertorio
81,Chile,cl,Capsule Corp - Small Ship (Dragon Ball Z),2022-01-18T03:10:18+01:00,Kronos2021
53,Italy,it,Powerline [A Goofy Movie],2022-01-16T14:40:47+01:00,Seba93
53,United States,us,Powerline [A Goofy Movie],2022-01-10T01:51:35+01:00,sierraj2
53,United States,us,Powerline [A Goofy Movie],2022-01-03T21:40:04+01:00,Thecossas
48,Brazil,br,Gerald - Hey Arnold,2022-01-02T22:01:06+01:00,claucampag
53,United States,us,Powerline [A Goofy Movie],2022-01-02T20:54:20+01:00,rajairahaman
48,United States,us,Charmander Figurine,2021-12-27T22:04:51+01:00,Jaeger69
81,United States,us,Gargoyle Figurine,2021-12-26T18:35:39+01:00,gabe-james
53,United States,us,Powerline [A Goofy Movie],2021-12-26T03:11:20+01:00,TheCirno
48,United Kingdom,gb,Charmander Figurine,2021-12-25T19:38:59+01:00,elisthornton
81,France,fr,Capsule Corp - Small Ship (Dragon Ball Z),2021-12-20T19:11:04+01:00,sgermain2
53,United States,us,Powerline [A Goofy Movie],2021-12-05T21:37:15+01:00,pokelover222222
53,United States,us,Powerline [A Goofy Movie],2021-12-02T16:52:55+01:00,Anx
53,United States,us,Powerline [A Goofy Movie],2021-12-02T06:35:15+01:00,tru3
53,United States,us,Powerline [A Goofy Movie],2021-11-29T20:58:46+01:00,robehrenreich
53,Australia,au,Powerline [A Goofy Movie],2021-10-27T19:35:35+02:00,mithxyz
53,Australia,au,Powerline [A Goofy Movie],2021-10-17T04:00:09+02:00,ozlang
53,United States,us,Powerline [A Goofy Movie],2021-10-10T20:05:39+02:00,ChristianMB1020
81,Spain,es,Capsule Corp - Small Ship (Dragon Ball Z),2021-10-03T07:44:35+02:00,cristofergarciamoya
53,United States,us,Powerline [A Goofy Movie],2021-09-26T03:11:37+02:00,3dprinteditllc
81,United States,us,Capsule Corp - Small Ship (Dragon Ball Z),2021-09-23T17:37:56+02:00,disarrayedworkshop
48,Argentina,ar,Gerald - Hey Arnold,2021-09-21T05:56:49+02:00,innovagames3dzarate
53,United States,us,Powerline [A Goofy Movie],2021-09-13T07:11:18+02:00,sadpanda284
48,Chile,cl,Gerald - Hey Arnold,2021-08-25T02:59:29+02:00,macarenaescobars
53,United Kingdom,gb,Powerline [A Goofy Movie],2021-08-22T17:30:09+02:00,keiran1993
53,United States,us,Powerline [A Goofy Movie],2021-08-13T06:24:56+02:00,andyb1986
53,United States,us,Powerline [A Goofy Movie],2021-08-12T06:41:12+02:00,jly4bby
81,Argentina,ar,Capsule Corp - Small Ship (Dragon Ball Z),2021-08-02T02:11:21+02:00,nadal_paola
81,Chile,cl,Capsule Corp - Small Ship (Dragon Ball Z),2021-07-29T01:12:54+02:00,mmoralessdbz
48,Ecuador,ec,Gerald - Hey Arnold,2021-07-26T22:33:29+02:00,orobus22
48,Mexico,mx,Gerald - Hey Arnold,2021-07-08T03:21:02+02:00,gabrielitoelias
48,Australia,au,Jack Skellington - Jack-O-Led,2021-06-26T08:39:31+02:00,Fel1x
81,France,fr,Capsule Corp - Small Ship (Dragon Ball Z),2021-06-05T13:36:10+02:00,rdehon
81,United States,us,Sonic The Hedgehog,2021-05-30T03:14:31+02:00,darkkent74
81,Spain,es,Capsule Corp - Small Ship (Dragon Ball Z),2021-05-06T23:36:14+02:00,billsamacolecciones
48,United States,us,Penny Proud - Disney's Proud Family,2021-03-19T22:51:21+01:00,chaunceynavarro
45,United States,us,Charmander Figurine,2021-02-27T02:54:41+01:00,chaseheitmann
44,United States,us,Pepe Chasing Penelope - Desk Figurine,2021-02-25T07:34:19+01:00,jeanettehafke
45,Chile,cl,Gerald - Hey Arnold,2021-01-31T00:58:54+01:00,coramirezna
44,Brazil,br,Pepe Chasing Penelope - Desk Figurine,2021-01-29T02:19:33+01:00,Dunno23
45,United States,us,Charmander Figurine,2021-01-24T15:43:05+01:00,alsopryan
44,Mexico,mx,Pepe Chasing Penelope - Desk Figurine,2021-01-16T01:06:59+01:00,HUNT_PRINT
45,Chile,cl,Gerald - Hey Arnold,2020-12-31T01:22:32+01:00,luiscarocofre
81,United States,us,Capsule Corp - Small Ship (Dragon Ball Z),2020-12-27T00:19:39+01:00,redtop91
81,Costa Rica,cr,Sonic The Hedgehog,2020-12-03T18:48:41+01:00,fgrant04
81,Chile,cl,Capsule Corp - Small Ship (Dragon Ball Z),2020-11-27T06:40:26+01:00,maximoestradys
44,United States,us,Pepe Chasing Penelope - Desk Figurine,2020-11-21T19:37:13+01:00,candicejenkins909
45,Chile,cl,Gerald - Hey Arnold,2020-11-05T04:18:53+01:00,pablozamoranof
44,Australia,au,Pepe Chasing Penelope - Desk Figurine,2020-10-23T09:34:10+02:00,mattdollery
44,Philippines,ph,Toad - Nintendo Character,2020-10-11T16:02:19+02:00,teradancorp
44,Colombia,co,Toad - Nintendo Character,2020-09-09T20:42:23+02:00,fullphantom
81,Argentina,ar,Capsule Corp - Small Ship (Dragon Ball Z),2020-09-07T06:00:48+02:00,luchocalello186
44,United States,us,Pepe Chasing Penelope - Desk Figurine,2020-09-06T03:58:59+02:00,amullins1
81,Argentina,ar,Capsule Corp - Small Ship (Dragon Ball Z),2020-09-04T19:54:20+02:00,hernanbastiani
81,United States,us,Capsule Corp - Small Ship (Dragon Ball Z),2020-08-14T17:40:44+02:00,I3D305FABIAN
45,Argentina,ar,Gerald - Hey Arnold,2020-06-09T18:58:37+02:00,aceciliasantini
81,Spain,es,Capsule Corp - Small Ship (Dragon Ball Z),2020-05-25T01:33:04+02:00,tori84
81,Mexico,mx,Capsule Corp - Small Ship (Dragon Ball Z),2020-04-13T06:31:49+02:00,lilianmishel06
